"";"ID_Entreprise";"Nom_Entreprise";"Secteur";"CA";"intens";"Emissions_CO2"
"1";1;"HUKWYBNX";"finance";3999922,58;4,20577120305154;16822759,2013996
"2";2;"OLYLROCX";"énergie";4401723,1;602,3272886796;2651277940,34136
"3";3;"GBIYXSQZ";"énergie";1250188,41;585,959268642375;732559486,388774
"4";4;"RSOPHDZX";"finance";2819667,67;7,34166191876646;20701046,7564159
"5";5;"RUAMTFIG";"santé";4528629,09;91,3899078973806;413870995,436498
"6";6;"DKKJDDGM";"technologie";90582,92;244,110112782018;22112206,8173245
"7";7;"GWBLUDOF";"santé";859321,16;41,1547892678435;35365181,2531988
"11";11;"GRKUCLZX";"finance";4484048,34;13,4631345939037;60369346,3269906
"14";14;"MXXPKDYH";"finance";3063367,06;11,2856734364057;34572160,2550024
"15";15;"BYSDOYPK";"santé";2303972,29;9,86077302035554;22718947,7968788
"16";16;"QIIFJZEC";"énergie";3522793,22;515,755214863977;1816898974,10246
"18";18;"VUZLIKAE";"technologie";2662647,17;688,109579237288;1832193023,80606
"19";19;"VGGBGTWM";"finance";130550,98;8,20245941687211;1070839,11528288
"20";20;"KGCKOFLF";"technologie";429785,64;508,885984865024;218711888,692245
"21";21;"NJQJJNTF";"technologie";3374241,84;285,591530929273;963654892,811208
"22";22;"KGQEWTRQ";"finance";3607989,51;8,02037511301948;28937429,2740394
"23";23;"JNWPVISG";"finance";2309613,03;9,2510600636004;21366368,8642041
"24";24;"PMGOXXHI";"santé";1156097,96;98,6271325236513;114022626,711243
"27";27;"EEMGFRBS";"énergie";2739350,88;631,650347354431;1730311934,87767
"28";28;"JKVXHYSR";"santé";452581,2;52,1801252076208;23615743,6826153
"29";29;"BKMOSXQL";"énergie";4516408,98;477,032539232769;2154474043,94308
"30";30;"OBGKFVDU";"énergie";3938371,57;587,792629928138;2314945782,76451
"31";31;"OREQISKZ";"finance";2189633,5;10,0582477039972;22023876,1239703
"32";32;"ZSGFPGNU";"finance";3089559,84;7,46011145962904;23048460,7675937
"33";33;"EKMWYWRY";"santé";3853808,92;52,6592999522026;202938879,876754
"34";34;"NOIJANWA";"énergie";1114721,12;467,080163881422;520664123,411683
"35";35;"BEUTZMBQ";"technologie";2316152,58;209,300018914834;484770778,803641
"36";36;"TDKFBKBF";"technologie";50464,02;140,627932571628;7096650,80185329
"38";38;"ZCCUUAUS";"finance";3643513,28;6,76992685632037;24666318,4056319
"39";39;"QMEALMKM";"finance";590102,81;6,40814152569989;3781462,32119319
"40";40;"SBJUVGJW";"finance";3588471,68;10,6426801863094;38190956,4478683
"41";41;"WHDSCAZA";"énergie";3653261,81;599,216828223488;2189095954,4582
"42";42;"IXQHTVIM";"santé";2163524,55;109,495479928158;236896158,938601
"43";43;"SQQZKDNF";"finance";1774677,55;2,06074727457888;3657161,92441883
"44";44;"MJZKFQDZ";"énergie";1165290,74;707,307388686296;824218750,369721
"45";45;"NEQZRKIV";"technologie";3284875,98;342,622443194655;1125472233,85904
"47";47;"KMKIWLNZ";"santé";993966,49;55,8527415969267;55515753,5219742
"49";49;"NXEHCFZH";"santé";3544536,9;43,5743861080762;154451019,454923
"50";50;"SUCGHCDZ";"santé";1804768,8;50,9857036352847;92017407,1670084
"51";51;"ZDXOKLSC";"santé";4993129,72;87,3343145639079;436071561,624877
"52";52;"IRIVFMHE";"énergie";916019,05;638,789501131092;585143351,976077
"53";53;"YIMAOQPI";"énergie";4694502,03;492,659104605447;2312789166,66825
"54";54;"XQHKEWYO";"santé";767938,7;25,4229619201534;19523276,3271121
"55";55;"IZGPCMCE";"finance";4190924,52;1,39118517403979;5830352,05774383
"56";56;"HPTEWSTD";"santé";4292308,77;68,1445257168139;292497345,361771
"57";57;"JRNJGBGX";"énergie";1376368,59;567,257927674078;780755994,079093
"58";58;"VTEDZLME";"énergie";1531117,58;634,24928647786;971110232,628708
"59";59;"PHFRHVCV";"technologie";3155415,45;345,726155561508;1090909652,72788
"61";61;"FVIRYDDR";"énergie";2213620,77;590,112446225309;1306285167,59985
"62";62;"LVZBLSCZ";"technologie";3031387,4;490,822656717361;1487873617,20753
"63";63;"GBRUJJHC";"énergie";166647,07;555,365791901531;92550081,9986199
"64";64;"JENNYIMC";"technologie";3365007,54;361,425876836931;1216200800,70738
"65";65;"WKTELUBV";"technologie";2055245,24;309,944005478523;637010941,926267
"66";66;"HJIANRXA";"finance";1591870,33;1,52636298199851;2429771,94385376
"67";67;"ZHYRLVBT";"technologie";1910195,51;27,5465753650336;52619344,5781638
"68";68;"JVNHUCVH";"technologie";3597973,05;96,1172688692523;345827343,031174
"69";69;"TZCWUKIF";"technologie";2348237,97;518,305923555334;1217105649,76855
"70";70;"OXNPRNNA";"finance";2807612,79;5,56910799647309;15635898,8397891
"71";71;"BYUFQQKV";"finance";1521934,83;6,53151202852235;9940535,64877212
"72";72;"OXOXPLYS";"technologie";4434124,64;463,027867996494;2053123278,48992
"73";73;"KAOMWVWJ";"énergie";3726584;645,805196789252;2406647313,47168
"75";75;"ZDCWNIXA";"santé";4863782,35;-24,2249930287092;-117825093,521909
"76";76;"GRFIEUDV";"énergie";1239027,54;682,480534555137;845612177,827736
"77";77;"IJQCAZPU";"technologie";4386641,97;-242,787472904354;-1065021718,43248
"79";79;"BJHWJHTV";"technologie";3739890,86;319,421818679538;1194602740,16418
"80";80;"LSCFYTVK";"technologie";1989346,94;336,795357553307;670002813,954878
"81";81;"PUXKCQTC";"finance";2633693,51;8,11677947906281;21377109,4361089
"82";82;"HPTXMOTW";"technologie";2888659,72;457,764377145617;1322325517,51143
"83";83;"XBNJVUDS";"énergie";2674410,76;834,896515162539;2232856223,6372
"84";84;"GBYEQEAN";"santé";4739197,59;61,1089272468089;289607280,735562
"85";85;"CHKPUFLL";"énergie";4388529,19;776,936254347424;3409607430,97293
"86";86;"TSVXYONE";"technologie";3134423,21;501,09511691628;1570644164,88005
"87";87;"MGBQODHP";"finance";4505084,53;7,45679011731609;33593469,8009776
"91";91;"KSTWPTWP";"énergie";4153024,85;565,264482050804;2347557440,77937
"92";92;"UAKWQYEI";"technologie";592735,87;293,202458319451;173791614,218118
"93";93;"UZIAZDBP";"technologie";635994,97;186,399143178182;118548917,473633
"94";94;"INUBSYHG";"énergie";826324,35;557,394179665852;460588383,206168
"95";95;"EBOMMXAF";"finance";626682,68;5,66938743888934;3552906,91416151
"96";96;"NGOMODDK";"énergie";3048154,79;533,877953281488;1627342640,57036
"97";97;"RQXVRUDG";"santé";4726420,47;59,8552933874079;282901283,9041
"98";98;"IKQVGVAR";"santé";3694840,52;-9,00768767262796;-33281969,4043303
"100";100;"FMUKCHJG";"santé";452845,33;52,1194123438876;23602032,4822739
"102";102;"TRBSJWUD";"finance";3961374,79;9,28256243210693;36771708,8051495
"103";103;"HDPORIPZ";"finance";4189267,68;9,42109709079722;39467497,5526188
"104";104;"TBLBITAU";"santé";4998639,23;60,7799507646298;303817046,289547
"107";107;"GDISZSNL";"finance";1033026,01;13,8720122752854;14330149,4914091
"108";108;"YDBXLBQM";"santé";960752,35;56,8285841754622;54598195,7937481
"110";110;"TNWRASXQ";"énergie";621848,78;736,227866497998;457822400,583783
"112";112;"GFOTROVT";"technologie";1347018,89;83,5689771623288;112568990,855635
"113";113;"AJBUYOWP";"technologie";1625570,47;-208,699559026661;-339255840,255761
"114";114;"RNTXVBAB";"technologie";4725883,88;289,916232863984;1370110451,44223
"115";115;"WOIYPNJI";"énergie";2216737,85;697,939500250394;1547148907,21513
"116";116;"VBJWSRJO";"technologie";2296772,54;71,4260096028347;164049297,497567
"117";117;"DUXFUPYE";"énergie";419130,67;341,417165986592;143098405,529462
"118";118;"NWWAZMKK";"technologie";1898915,64;498,447379609503;946509524,857502
"119";119;"CEKIKHOE";"énergie";2887800,63;553,804836342301;1599277955,28634
"120";120;"YBJZQBKL";"énergie";4298497,79;440,751374326497;1894568808,48191
"123";123;"YAJKLSXQ";"énergie";4343516,34;542,863209677051;2357935221,61712
"124";124;"XTDDELCF";"énergie";1155791,66;434,411400252339;502089073,420575
"125";125;"OKOVQKSC";"finance";1977228,45;12,0111909704702;23748868,5051968
"126";126;"HPEWWMUH";"finance";3096581,18;6,6583358466052;20618077,472717
"127";127;"BLMIENAU";"finance";731300,1;9,48718050946832;6937976,05529224
"128";128;"OQMHLUPK";"technologie";1393416,77;578,697909225077;806367371,47816
"129";129;"VIPLGOGO";"technologie";2992941,17;45,6221119224006;136544297,034901
"130";130;"LDQODOLL";"technologie";845937,24;251,129617919912;212439895,865425
"131";131;"VSLNGBKA";"technologie";2419957,18;502,143577234398;1215165955,11926
"132";132;"WZSVXOOH";"finance";4254552,74;2,89367456779399;12311291,0610762
"134";134;"CSODZOUW";"finance";1894890,87;9,69374531055324;18368589,4850726
"135";135;"WUQQHAKJ";"énergie";2947203,32;485,657038899108;1431330037,42482
"136";136;"KEIKTHDA";"technologie";3645215,52;-180,305503425389;-657252419,427641
"138";138;"ZQHFUSFT";"santé";847449,69;49,9029462625889;42290236,3403177
"139";139;"WNPYYRBV";"finance";1891343,92;7,84811711917818;14843488,5968056
"143";143;"JHNGVKBY";"technologie";4743112,42;21,6311438313879;102598946,965462
"144";144;"FKQQIDXP";"technologie";696727,77;75,729891099477;52763118,1480815
"146";146;"JFLGDBRH";"technologie";4228968,35;207,293357163489;876637046,60964
"147";147;"DZKKQXFO";"technologie";2257882,99;584,276109409972;1319227088,90015
"148";148;"SKCQAFRW";"finance";1295224,85;5,00260861051688;6479502,98716543
"149";149;"UDKUSPDO";"énergie";4190073,66;645,774639498856;2705843307,26015
"150";150;"LTAFWCZK";"finance";2402451,2;11,2503131331092;27028328,2870141
"151";151;"WXMSMZBE";"technologie";639826,64;137,645340959496;88069156,0177685
"154";154;"YBMFWNAH";"technologie";303538,83;599,208436843606;181883027,845637
"157";157;"ESVNOADW";"santé";3814229,46;60,898087047143;232279277,672857
"158";158;"CGZPGPAD";"technologie";3491730,43;84,4712953667143;294950992,493474
"160";160;"LOWOTQIK";"finance";863301,57;13,3439152905371;11519823,0202677
"161";161;"FWPTOHTO";"finance";4087026,71;7,10827877588226;29051725,2191569
"163";163;"UTVOAMOV";"finance";4444047,06;5,62446084000214;24995368,6600966
"164";164;"SOBDRCFJ";"énergie";4696843,71;405,828386519799;1906112504,56497
"165";165;"WGSCUGOA";"technologie";117459,42;146,038052081418;17153544,8954132
"167";167;"AQNIPQLE";"technologie";552151,11;162,904983287401;89948167,34667
"168";168;"STVNHLJG";"finance";2350491,85;5,6817421169571;13354888,5397094
"169";169;"RYHQNPAA";"finance";3611708,17;7,05685759636359;25487310,235313
"170";170;"DACMFVGM";"technologie";2337004,2;44,2401907623068;103389511,620312
"173";173;"JYAPMJWB";"technologie";1488059,98;174,880324654219;260232412,407351
"174";174;"WEFWBGZR";"finance";3676905,15;7,88578585648074;28995286,6274912
"175";175;"LJLURMBG";"technologie";4588431,24;596,795384135517;2738354584,45521
"176";176;"GFBMGTOY";"santé";1331517,13;66,1728970389525;88110345,9490915
"177";177;"CYSXPEES";"santé";2754529,17;64,4207088549392;177448721,693007
"178";178;"PIUIWPKY";"santé";3836628,46;5,25151444992041;20148109,7966659
"179";179;"MCMZYLWH";"énergie";2614461,51;616,088949389081;1610740844,91409
"182";182;"NHPTSDOU";"technologie";2822206,34;516,540681293949;1457784385,6157
"183";183;"GSVDYTVE";"santé";322413,92;63,2274052631397;20385395,5823175
"184";184;"AWXDMMSB";"énergie";3841813,42;657,431141738869;2525727783,05831
"185";185;"TKLSMZVV";"finance";198574;5,31183630235677;1054792,58190419
"186";186;"TCVVZBTK";"santé";699186,38;27,8527025050338;19474230,2377115
"187";187;"PVAAZTIV";"santé";2098337,83;97,3369371627593;204245777,504951
"189";189;"SOPLLPLY";"énergie";3211106,42;624,402988881422;2005024446,26432
"190";190;"VFKKAJKE";"énergie";3236501,42;547,609500114736;1772338924,72683
"192";192;"QFVSXKKG";"énergie";2133530,98;681,5103313787;1454023405,18652
"193";193;"JGYMBUIO";"finance";224835,82;9,26614560546481;2083361,44544408
"194";194;"RHBLPZZC";"santé";1616826,78;109,037179552596;176294231,916306
"195";195;"MKKIRHKZ";"santé";4499730,52;76,2195244785751;342967320,516131
"196";196;"UIVFNEDX";"finance";1234237,21;7,87680505675127;9721845,89695858
"197";197;"CWHAUJAT";"énergie";3484913,94;355,52230674145;1238964642,74424
"198";198;"ALGMQCEC";"santé";4467745,23;47,6300250165194;212798817,072335
"199";199;"VQQKLJUX";"santé";3441397,08;71,7194815601633;246815214,42026
"201";201;"QDGVUBWD";"santé";4111247,09;92,0779658613452;378555269,200575
"202";202;"PMOSMZZK";"technologie";3515061,86;358,87686373707;1261474376,15859
"203";203;"PILFAABT";"technologie";3566801,57;281,242497575176;1003136181,90186
"205";205;"KRXXEGCU";"technologie";770708,82;-81,7089217132546;-62973786,6370948
"206";206;"CVUYMYUW";"technologie";612696,76;38,616499707678;23660204,2534353
"207";207;"KCHSJJAN";"finance";4477173,81;11,638698403081;52108475,6727631
"208";208;"DXBUWAHQ";"énergie";1012861,94;691,384302696942;700276846,115172
"209";209;"UKYKLHPO";"énergie";548651,05;666,106366509951;365459957,397369
"210";210;"BTFRNQQH";"finance";913133,78;5,92820271706375;5413242,15563869
"211";211;"FOZIIANP";"technologie";1614773,01;376,399814968245;607800262,179717
"212";212;"TYMCGWWV";"énergie";3387191,42;555,857730545552;1882796535,64457
"213";213;"YQMESCLY";"finance";3171755,32;12,1132530205503;38420274,7104366
"214";214;"VSDPZQHB";"technologie";1987057,55;518,062326456259;1029419657,15547
"215";215;"BWJYONYC";"finance";3072688,86;7,3770900063744;22667502,281804
"216";216;"VJOICUFR";"finance";4435425,82;4,05072390474604;17966685,3968018
"218";218;"HVYWDZOA";"énergie";2492881,44;633,755487220498;1579877291,59014
"219";219;"DAVUYJZV";"santé";4057747,11;65,3412319580494;265138195,141615
"220";220;"UQZMXKLY";"énergie";1564575,65;564,702679735014;883520062,203151
"221";221;"RAEMLZXI";"technologie";1084868,12;431,235273002493;467833399,899901
"222";222;"SXRQDPHL";"technologie";1509438,41;401,386951501389;605868881,869003
"223";223;"FGQMEHSP";"santé";539915,73;69,8539056835568;37715222,4804887
"224";224;"DBZJRVGA";"énergie";988612,08;618,171027624258;611131345,415356
"226";226;"EVFRQBYP";"énergie";2403056,88;394,825059580046;948787075,820238
"228";228;"QLPAZKDW";"finance";1042084,71;4,62992024257587;4824769,0933078
"230";230;"YFAIRIYU";"santé";2419134,77;24,6265004138519;59574823,4145685
"231";231;"IMKUMAQG";"santé";3317814,3;3,09063337517863;10254147,6082249
"232";232;"THXWMBPP";"finance";3311710,99;7,9277622411654;26254457,3401745
"233";233;"ZIRYORCW";"énergie";4413879,35;658,946302046986;2908509475,36405
"234";234;"NFKXMRHV";"énergie";231069,46;683,228004209541;157873125,989576
"236";236;"WDJGBUFK";"finance";1683609,92;8,44888236620793;14224622,1646607
"237";237;"IPOZGTZO";"technologie";4121071,74;267,842313292509;1103797388,08598
"238";238;"KVCNLHEW";"santé";3129475,33;38,5999774776903;120797677,254987
"239";239;"OOPSQPBO";"technologie";1334517,19;649,561684979258;866851234,570184
"241";241;"UMZMOJNB";"technologie";3670040,21;213,511632975313;783596278,322161
"242";242;"OYNLAABE";"technologie";609459,88;335,859269342163;204692749,990162
"243";243;"MUHTNHAR";"technologie";2592276,27;104,439403977968;270735788,585029
"244";244;"BVDRVGDT";"finance";3300061,2;5,85410110482247;19318891,9169018
"245";245;"FGNMJUOE";"finance";1027824,99;9,81057112790699;10083550,1714353
"246";246;"ZGDFJJHB";"santé";2460250,96;11,8092005988891;29053597,1102496
"247";247;"YOFWMOUQ";"finance";4150566,03;4,71111023473059;19553774,1038581
"249";249;"RDKLQGME";"santé";3836940,67;87,4449278513297;335521000,057983
"250";250;"WECXHTKL";"technologie";3256749,27;2,29863637221183;7486082,32719633
"251";251;"EDDNMQLB";"technologie";1003029,77;432,25475493545;433564387,42431
"252";252;"AFWGPPZE";"finance";1005402,26;9,77504786937723;9827855,21948005
"253";253;"TGIAZLZF";"technologie";2599434,52;294,302815577337;765020898,144922
"255";255;"PFCTPYYT";"santé";4971151,97;38,9312649791181;193533234,595535
"256";256;"LELTXXVF";"santé";1791510,75;105,646959877424;189267664,325224
"257";257;"BMPCYEXD";"finance";1169030,6;10,8555156479912;12690429,9712805
"258";258;"RUTRDWQV";"technologie";3585871,68;456,134344740511;1635639229,08035
"260";260;"PKRTNKZB";"santé";4614692,98;72,3421983036689;333837034,669709
"261";261;"DSSCMQKZ";"énergie";4602394,41;673,561370042693;3099995084,27643
"263";263;"YKNBQJLZ";"santé";706886,98;24,2118312459453;17115028,2697159
"264";264;"RSEFWVSH";"technologie";3805333,32;193,763678587745;737335382,335715
"265";265;"FMNFTASV";"énergie";4957199,3;416,302383775195;2063693885,43873
"266";266;"YRHFWAWN";"technologie";263361,68;37,200458796638;9797175,32545337
"267";267;"LYEJDDRO";"technologie";1298833,42;834,265193460206;1083571514,40888
"269";269;"DCHKQSIZ";"finance";1540112,7;7,05210288123835;10861033,2091018
"270";270;"SEJHLVGK";"finance";231342,74;8,93506532199299;2067062,49366884
"271";271;"ZDQSPZBZ";"technologie";2448884,28;-28,105285829124;-68826592,6518485
"272";272;"TLDLELVB";"santé";2761592,87;22,1070803284727;61050755,4116274
"274";274;"SAVTGTRE";"finance";74456,54;8,42972023583726;627647,801928426
"275";275;"RYWURPKD";"finance";4996995,1;8,42716411400242;42110497,7845659
"276";276;"VSUAEPCS";"finance";71045,91;11,5786714367564;822617,248815368
"277";277;"OHKRECNC";"finance";3443540,92;2,99310049128861;10306864,0194244
"278";278;"CQOHGQVB";"finance";4934776,62;10,6378109388139;52495220,708839
"279";279;"ZAEIWEUW";"finance";3674611,53;9,0551566071736;33274182,8746758
"280";280;"MQIMYGAZ";"énergie";3154552,21;465,599933618083;1468759299,57078
"281";281;"GRBZXWLU";"technologie";469730,42;103,801369663661;48758660,9686866
"282";282;"HHZZMTIG";"énergie";3051274,99;472,31123720551;1441151465,58113
"284";284;"RAEXDGGI";"énergie";2405730,81;667,806060615606;1606561615,12769
"287";287;"POFXFKWG";"finance";2020585,19;12,7077397634046;25677070,7643095
"288";288;"HWQWMXEQ";"finance";2058295,88;6,81731872646446;14032059,0473286
"289";289;"SEORXIOA";"technologie";4643850,43;190,843992902394;886250958,502701
"291";291;"SNJSMGLC";"énergie";2136400,89;753,02941040562;1608772702,58674
"292";292;"GOAFQSUB";"technologie";2729383,58;318,132701921434;868306172,885397
"294";294;"EBOJLMUV";"santé";1434072,32;55,3861874650355;79427798,3539384
"295";295;"HSMBAGFK";"énergie";2602084,37;874,201600615358;2274746321,1902
"296";296;"OSGXMGIR";"énergie";979353,68;727,772993969188;712747159,848342
"298";298;"YMAYJAZJ";"technologie";238472,96;164,041652444391;39119498,4217053
"299";299;"ZDOUFSOA";"santé";2722245,24;59,6151120308042;162286954,957923
"300";300;"GMYZFOQX";"technologie";2377743,43;289,605179083475;688606811,859705
"301";301;"TPFXUIFR";"technologie";373554,25;266,554902986532;99572716,8689568
"303";303;"ILQIPVIJ";"finance";1610754,5;10,3538637761394;16677532,6698036
"304";304;"PMCVLTUK";"technologie";1617745,54;326,979399043951;528969464,475232
"305";305;"ATBNDRBU";"technologie";1863336,57;423,870114406175;789812685,103109
"306";306;"RGEBAVGB";"technologie";637046,6;252,108109226526;160604613,815187
"307";307;"JPUIDUWZ";"santé";3592142,23;60,6319687235725;217798655,339984
"308";308;"RGQLFPZF";"santé";2721104,89;60,5876890851777;164865457,043477
"309";309;"LIACKBAE";"énergie";2931603,57;584,737835776329;1714219526,87596
"310";310;"JPIMTEVI";"énergie";4516344,63;606,676596480159;2739960588,65984
"311";311;"GIUGXDFQ";"santé";1159038,53;83,9345918925253;97283426,0032624
"313";313;"XHQDWRTI";"technologie";4020212,88;680,087474717908;2734096425,38761
"314";314;"RMQUXNEH";"énergie";1004020,84;702,780843535006;705606612,861925
"315";315;"DGSQLQNI";"technologie";4455553,34;222,423929542955;991021682,171038
"316";316;"UQUEKZJC";"technologie";132869,37;636,394414409778;84557324,9141461
"317";317;"NYWORNYC";"technologie";546856,27;536,195337714104;293221782,373725
"318";318;"MUWXVDST";"finance";2122192,6;13,3301633925696;28289174,1085022
"319";319;"RXKYLFPE";"finance";2886338,27;6,40331636857766;18482137,0895431
"320";320;"NKVOLFMG";"finance";714387,72;9,69930133432591;6929061,76582205
"321";321;"IWLLMVAI";"énergie";1173258,17;592,751990485897;695451115,621341
"323";323;"ACJTTCZD";"santé";1394145,17;78,8669125593129;109951925,217378
"324";324;"MOYVNJOU";"énergie";3144265,5;518,369939012928;1629892715,47545
"325";325;"QCEVMUVH";"finance";3330401,91;9,70129184560452;32309200,8920687
"326";326;"FQJXDEQE";"technologie";2357269,13;62,5292249549751;147398211,709188
"328";328;"EPMYXDHS";"technologie";4942183,77;576,176451021496;2847569904,89464
"331";331;"HYAEZUZG";"santé";1517074,81;13,6075623557679;20643690,0754397
"332";332;"PBUWXAGP";"technologie";4293229,86;231,831585562336;995306285,627368
"333";333;"JSBRFHTE";"santé";4359970,95;25,9232195629923;113024484,225118
"334";334;"KRKOLDAE";"technologie";812522,95;420,516834256143;341679578,694462
"336";336;"KJYYHSFY";"finance";2092041,59;4,90100471333294;10253105,6930785
"337";337;"BZFIDPRZ";"santé";848128,1;77,2228016720819;65494828,0588196
"338";338;"FVQZLSBQ";"énergie";3939275,81;558,373924618257;2199588894,18346
"340";340;"MIBXFHRO";"finance";3766324,23;8,447986960571;31817857,9843226
"341";341;"ZCOXWXUE";"énergie";659308,68;474,611164649167;312915260,478105
"342";342;"DDLUXLVM";"énergie";493379,12;573,55935454439;282982209,612879
"343";343;"RTRWIECA";"technologie";4647439,83;259,991402982052;1208294401,67637
"346";346;"RHRJRKSH";"énergie";2510438,8;603,149638843793;1514170255,55945
"347";347;"TOAJLKOW";"finance";4292370,94;8,08183726401274;34690243,4138574
"348";348;"TBDIITDZ";"technologie";2195900,45;580,297575600887;1274275707,3959
"349";349;"WPXAUXCM";"énergie";3272673,71;704,693561803795;2306232093,32154
"350";350;"RMWKOQHX";"santé";1501182,31;-1,51610589419215;-2275951,34844799
"352";352;"PYXKSVXD";"finance";618337,02;2,79898768747204;1730717,70568815
"354";354;"DJUFQJPO";"énergie";4660972,53;613,577111725142;2859866062,78763
"355";355;"SVLJVNTW";"santé";717975,78;23,0572060734846;16554515,5152309
"356";356;"LKWSPSTG";"finance";3911908,28;4,56023135912106;17839206,8124613
"357";357;"HFYHMAUK";"technologie";426072,82;277,862516142329;118389665,825057
"358";358;"LYKTUFBI";"finance";4332761,7;8,23619923781716;35685488,6111834
"359";359;"RTQYAJQC";"énergie";1356651,68;336,979195511648;457163391,715925
"360";360;"ADTWIGGY";"finance";2595977,11;10,8575126499876;28185854,3109032
"363";363;"SRMCZOSH";"santé";1730778,83;-30,0438430666667;-51999247,551629
"364";364;"UQXKITSL";"technologie";3343846,74;262,987071726777;879388462,45573
"365";365;"UHXQUSRS";"technologie";1638569,91;177,489163120603;290828402,040502
"366";366;"FPTGRCTY";"santé";2309714,43;18,841651119158;43518833,474945
"369";369;"EYLRAMBQ";"santé";1573441,64;31,977835010471;50315257,162525
"371";371;"XETLREWB";"énergie";4183671,36;405,621486848029;1696986997,52671
"373";373;"ZDVAUFDE";"énergie";1137911,75;575,50077273788;654869091,432513
"374";374;"FYZIDRPI";"énergie";4195944,22;507,162038754885;2128023625,11698
"375";375;"VHVDWBLR";"énergie";2024004,61;573,047411017114;1159850601,6472
"376";376;"FYJQERTM";"technologie";2042107,7;430,397327643996;878917696,841227
"377";377;"WVZRQBEA";"technologie";1061350,25;247,823195156261;263027210,134896
"379";379;"UVWYJYSK";"finance";1708157,46;8,65087273471697;14777052,7973174
"380";380;"KFTLLCJX";"finance";4005911,16;11,1758869470235;44769610,2439799
"381";381;"OAKCHSJQ";"santé";657262,58;54,5294601271825;35840173,6491991
"382";382;"MUPEYBCV";"finance";756510,39;4,26004132881106;3222765,52707497
"383";383;"KSTZYDRA";"énergie";3379160,95;812,019332316106;2743944018,40766
"384";384;"MUJYRLVU";"finance";2132686,14;9,08447890019205;19374342,239562
"385";385;"LIOWPQTS";"énergie";4413224,48;679,665500404206;2999516424,59529
"386";386;"WCPGMHXK";"finance";2384831,63;8,55520640891038;20402726,8451482
"388";388;"BBLEMZFS";"énergie";4097734,23;517,280915519376;2119679714,04948
"390";390;"RRDZDYSO";"finance";247065,42;11,6991655014995;2890459,23827749
"391";391;"GIVXNXSL";"technologie";299936,33;198,470953433623;59528649,3844818
"392";392;"HZDRVFPE";"technologie";3603961,06;313,296531475166;1129108499,66956
"393";393;"KGNRXIGI";"santé";1169493,17;78,9912599873582;92379739,0449097
"394";394;"FDGYBNUV";"technologie";864409,93;134,876199963849;116588326,569417
"395";395;"OGPDMCHR";"technologie";3515419,72;425,062361798359;1494272608,89572
"397";397;"FEPBFVHA";"santé";3696947,17;32,8214243135202;121339071,731238
"398";398;"ZCTVAWOI";"technologie";2552216,84;173,698912270399;443317288,986195
"399";399;"IQDIPTOR";"finance";3159415,86;11,8370905660974;37398291,6707844
"400";400;"JXZTANUF";"finance";2509857,77;11,9494950598273;29991533,0234842
"401";401;"KOTIILHQ";"technologie";4799857,38;576,283228866097;2766077309,04316
"403";403;"YJVAWBVP";"santé";4767701,91;-16,063157344697;-76584345,9529425
"404";404;"RSHRHOBJ";"énergie";858265,77;658,02566351857;564760902,779526
"405";405;"MNVNWPNQ";"finance";407591,35;13,805734187367;5627097,83517008
"406";406;"HOZXUVXP";"finance";3213147,34;8,51892414001222;27372558,440142
"408";408;"JXUNAGHR";"santé";3140409,46;85,159506232395;267435718,981142
"409";409;"CZWHLIJH";"technologie";425117,8;387,349913892442;164669343,224145
"410";410;"XHWVEFRM";"santé";1597049,32;33,0083384362809;52715944,4539923
"411";411;"CDIPYKYC";"santé";799050,87;10,1438167361892;8105425,58817253
"413";413;"VAKXAILO";"santé";3010258,29;65,0319043847275;195762829,288613
"414";414;"XNTQFNBU";"énergie";4661537,93;459,603492750349;2142459114,21623
"415";415;"FWNGVBAP";"santé";3204925,94;43,2016573652478;138458112,340875
"417";417;"GNICWQWD";"finance";1126934,5;5,30012975081953;5972899,07067493
"420";420;"VMHQIQXO";"énergie";3387227,87;640,329004145858;2168940248,8122
"421";421;"QKUWJMXM";"finance";1205117,96;8,43992289103914;10171102,6570064
"422";422;"FRTQFYAX";"santé";3988327,81;-1,91233657776494;-7627025,15518014
"424";424;"CEYFIRSH";"énergie";3411342,47;594,38667878304;2027656520,93483
"425";425;"HLJXNPNN";"énergie";2747959,39;808,084985514211;2220584723,86179
"426";426;"LFIGAFZL";"finance";2017205,32;6,72501746006223;13565740,9975304
"427";427;"ZGDOLWXQ";"énergie";1971591,82;581,556199000312;1146591444,81931
"428";428;"VHXDDPZN";"énergie";3192117,32;717,720789425204;2291048962,84827
"429";429;"DEUQOTIK";"technologie";884096,48;622,906557351788;550709494,723634
"431";431;"PSPNJCDJ";"technologie";1638204,29;227,061747819112;371973529,372167
"432";432;"PGAICGDJ";"finance";1057400,38;6,7631520154684;7151359,51115405
"434";434;"RXVLEEMK";"énergie";2966382,49;656,245010985298;1946673709,73664
"435";435;"UUKQKJQY";"santé";1587414,95;34,4297567300541;54654310,558151
"436";436;"MQHKLHZW";"énergie";4424846,39;499,165881415592;2208732348,39295
"437";437;"VSEBCWJU";"énergie";1893372,05;614,923122179085;1164278252,43261
"439";439;"LODARVYB";"énergie";754699,44;693,812060201811;523619573,299553
"440";440;"RKODGISE";"finance";2493956,04;3,77682099512558;9419225,53279226
"441";441;"DOBLMMMT";"santé";1693907,58;65,9175829096461;111658293,345928
"443";443;"WEMDFXMO";"santé";2475919,02;63,2665388250274;156642826,806454
"444";444;"ZZRUASXL";"énergie";4537338,58;502,306093921762;2279132818,92032
"446";446;"PLHRPZEZ";"technologie";1051334,34;506,502600600044;532503577,310131
"448";448;"DCNFTMDV";"finance";2776538,13;4,39321494259239;12197928,8013935
"450";450;"OKKXRYDO";"énergie";2014142,07;496,622329857423;1000267927,46725
"451";451;"CQGMMVXO";"santé";3876949,18;23,7908630262265;92235966,9010213
"452";452;"YHQQQGKE";"santé";1349112,94;73,2879226614334;98873684,8082591
"454";454;"QYJFGMKI";"énergie";4926605,45;494,424975016809;2435836776,53392
"455";455;"JRWMPMRR";"énergie";1709905,41;699,142853241895;1195468147,12115
"456";456;"CCYKOYFF";"technologie";3174304,4;204,116735584447;647928651,879348
"457";457;"QVVDCUYQ";"énergie";3414171,82;575,256915157733;1964025948,99166
"458";458;"LRWNNUJY";"énergie";4297156,42;598,51746020643;2571923146,60816
"459";459;"AIDIMTUK";"santé";4718698,9;30,8892827987159;145757224,76409
"460";460;"AYXPXQDD";"finance";3539371,61;9,85239890176957;34871300,9633184
"461";461;"RXDXLBVZ";"énergie";1784106,92;595,366207892779;1062196971,43567
"462";462;"UHFFJFEC";"énergie";4123443,87;597,475399726636;2463656274,4786
"466";466;"WHJXCNKE";"technologie";2646442,45;17,9233775135023;47433187,099108
"467";467;"LEWRDDHY";"finance";893781,05;7,78872189495235;6961412,0334285
"468";468;"YEXBWBYE";"technologie";4119467,45;235,692488637424;970927535,151362
"472";472;"SHVYXDBV";"technologie";4560513,77;278,23514647343;1268895216,79004
"473";473;"WBFSCAXB";"énergie";874486,25;426,501706018437;372969877,514665
"474";474;"WDKFUOFL";"énergie";4986896,34;676,888654506537;3375573553,74617
"475";475;"LXMYKUTI";"santé";3331906,64;40,4287764468596;134704908,690367
"477";477;"JFASSAEN";"finance";2251753,12;5,45020152638858;12272508,2916743
"478";478;"EGXJZSDP";"finance";2642928,53;8,86557773655497;23431088,334874
"479";479;"WTMNOFXE";"énergie";4925644,09;737,039858459981;3630396022,91784
"480";480;"PMFZIBTO";"finance";3024737,02;7,57815224309823;22921917,6328953
"481";481;"AHWGBSNK";"énergie";61060,39;636,052515171204;38837614,6368346
"487";487;"RHUIGAJP";"finance";1967388,95;7,91924226208249;15580229,7187941
"488";488;"IEZGODRL";"énergie";3415539,67;553,841566660455;1891667841,82373
"489";489;"JKKVXTJR";"énergie";733698,08;449,264734226949;329624672,914023
"490";490;"NAQQIAZZ";"santé";4186071,71;62,4113182103041;261258253,543962
"491";491;"BNZCJMXO";"finance";3606590,43;11,0370774872251;39806218,0405943
"492";492;"AWVWVACV";"technologie";345964,52;244,616451890177;84628613,3622882
"494";494;"KPYZDHVZ";"technologie";4529533,64;157,785326959093;714693946,359609
"495";495;"RCDIGGUE";"finance";3453713,4;5,29598057128701;18290799,0651936
"497";497;"WBHXOUYR";"finance";945564,52;14,8969772073905;14086053,1025571
"498";498;"KZYNDQVD";"finance";2962554,91;2,9732046951667;8808282,16810115
"499";499;"PZFKCHNI";"finance";4736600,81;11,3447960575517;53735770,1954841
"500";500;"PZPDSRIL";"technologie";4798348,75;276,688307462656;1327646994,25305
"502";502;"OZGZAGGY";"technologie";2981011,47;325,404645559423;970034980,803925
"504";504;"RTUPKRWL";"énergie";1284654,23;594,992643833598;764359816,719715
"505";505;"DQMYGUTR";"technologie";2427804,6;782,488415298649;1899728974,10877
"506";506;"OPWMZBOE";"énergie";1734307,17;631,347138167773;1094949868,48335
"507";507;"HVFPKHMT";"santé";2102129,12;80,884326520085;170029298,129459
"508";508;"ZEDPDFIG";"finance";2420902,04;5,38070340558179;13026155,8512079
"509";509;"SSUHEMOQ";"technologie";2684736,07;111,084953203129;298233780,698702
"510";510;"MDWZWWJQ";"santé";820356,4;37,1213934868724;30452772,7238741
"511";511;"NATVBXJS";"technologie";799307,76;659,112374099345;526833635,32963
"513";513;"GZEOKDJZ";"énergie";4384161,43;655,293776456407;2872913700,05922
"515";515;"MPSJPNPX";"technologie";3717785,69;274,456623333861;1020370906,75635
"518";518;"AHHVSRJE";"énergie";3272055,06;690,923162164628;2260738628,83197
"520";520;"VUAPHPFY";"santé";2386068,68;79,4450203493936;189561274,837651
"521";521;"CDDHPFLL";"technologie";598587,12;337,376790460213;201949401,356422
"522";522;"JZAWCELS";"énergie";1629258,48;389,937918721488;635309660,750535
"523";523;"EDFEWTOW";"santé";4312285,28;89,5868940095648;386324244,318367
"524";524;"DJIAKSGQ";"énergie";1619316,28;588,425965967269;952847746,265525
"525";525;"EUMBUWPP";"finance";2940538,71;10,0915371392625;29674555,6014039
"527";527;"RBDVKNIQ";"santé";3478348,04;95,6411601554013;332673241,969866
"528";528;"PFQJLKFG";"technologie";1477461,41;451,487773921832;667055763,056311
"529";529;"ELPKXHFO";"énergie";1655277,82;613,729413225262;1015892685,19339
"530";530;"JYQLHAOI";"énergie";1545559,42;483,309374059674;746983355,852232
"531";531;"MVFCUEUA";"technologie";1124254,08;475,58057121936;534673397,562097
"532";532;"WVXJHXIY";"santé";1274784,83;56,5887658243191;72138500,2212645
"533";533;"PPTKJLIS";"énergie";1497692,76;708,344805155982;1060882886,26573
"534";534;"GWYMAYLV";"énergie";971114;568,305617879342;551889541,801279
"535";535;"NMDBQJAB";"énergie";4257291,85;585,075087509244;2490835401,69114
"536";536;"VTBSAPFQ";"finance";3042116,94;6,75930689664287;20562602,0129361
"538";538;"DNMNRZYY";"technologie";2657435,83;85,0325566212614;225968562,681844
"540";540;"AECUJQTG";"technologie";4554814,36;197,852559563279;901181679,461576
"541";541;"JISODHKN";"finance";2402648,54;12,716203780818;30552568,4483249
"543";543;"QJMEMYAJ";"santé";1162798;45,5592483414288;52976202,8529167
"544";544;"GPBQBHIL";"énergie";3773430,01;600,197893428257;2264804743,00096
"545";545;"LZPIWIRX";"énergie";4651284,78;569,625969131481;2649492600,51401
"546";546;"VCHNJVWR";"finance";1335996,92;5,39030403137765;7201429,58378413
"547";547;"NUBGFVVV";"santé";348671,61;53,2515907413123;18567317,8788344
"548";548;"HAQTNJIJ";"santé";3198089,61;47,244367568277;151091721,051128
"549";549;"JOQKPSXY";"finance";2212553,99;8,38150706654688;18544536,9023015
"550";550;"KQECOVTO";"technologie";209506,85;483,71490357824;101341585,746731
"551";551;"ZZIEJOVS";"santé";3647814,14;84,7599703707398;309188618,424366
"552";552;"XSGITFHX";"énergie";1076039,17;663,451304604278;713899591,141804
"553";553;"EDTOOSQT";"santé";656671,53;65,529971302015;43031666,5157503
"555";555;"TECSLAXU";"technologie";343874,67;174,59020117775;60037147,8152324
"556";556;"LDVSKEAI";"finance";4072154,34;8,9704889337081;36529215,4433214
"558";558;"PKEAEPFB";"santé";2667878,53;41,2751458842961;110117075,527331
"559";559;"XWVPSUWS";"énergie";4740108,16;714,555030803634;3387068132,28136
"560";560;"IMUKPHDH";"technologie";2346666,95;290,936303193358;682730607,259032
"561";561;"FFNXPGJO";"santé";1225060,35;33,1626105016428;40626199,2280562
"564";564;"CIAIUTVB";"finance";2341195,9;11,1306953196634;26059138,2465452
"566";566;"MWETFEDX";"technologie";1245105,33;500,381057653828;623027121,915818
"567";567;"RLSSQXFL";"énergie";4659399,36;663,367599797634;3090894569,94183
"568";568;"AESTLJMA";"santé";1406894,49;46,472193216468;65381472,5744641
"569";569;"WQEOWFIU";"énergie";1235489,12;591,008047502034;730184012,521207
"570";570;"GBKFQQKD";"technologie";4806294,33;209,108303592207;1005036053,91115
"573";573;"TRTCBJNY";"technologie";1092914,61;413,248846389378;451645701,784597
"574";574;"YQINRWOC";"énergie";4978639,41;636,664315667573;3169722052,92326
"576";576;"PXLGNBRT";"énergie";4101011,51;669,895322437222;2747248427,81021
"577";577;"FEWHZSYT";"technologie";1411319,66;250,464555136111;353485550,796747
"579";579;"UNCXDVOO";"technologie";3653061,3;325,839207763244;1190310599,90257
"581";581;"CBAQSEUU";"santé";3111923,12;60,5335119542407;188375635,385198
"583";583;"ZCSOWTQE";"énergie";3428458,08;608,97786018212;2087855065,2825
"584";584;"MLEVHQMO";"santé";4495035,35;25,0133242452324;112435776,703332
"585";585;"PCMELROG";"technologie";1358194,78;93,6904426155921;127249870,096387
"587";587;"NIMCFJKR";"santé";3839843,61;70,7572621385756;271696820,883905
"588";588;"DMDOAUVF";"santé";4882161,72;61,8432549229809;301928771,825179
"589";589;"OPDSWYTA";"technologie";55794,66;102,608317366024;5724996,18060939
"591";591;"RJUJYUHG";"finance";4357871,86;7,70698670305582;33586060,4786411
"592";592;"EXOXZOIR";"technologie";2219754,88;558,600972495179;1239957234,66892
"593";593;"WZKTILGS";"technologie";2917038,21;675,039108553268;1969114872,89422
"594";594;"KRYBQTRW";"technologie";2277592,75;609,351247601564;1387853983,74078
"596";596;"DOBTACXZ";"santé";2095716,63;92,2985324469829;193431569,373737
"597";597;"IQQPWUHB";"technologie";3429832,67;149,695325623922;513429918,371217
"598";598;"LLQTPMFL";"santé";4813377,89;98,5665235949621;474437925,366154
"600";600;"TNYAXPVL";"finance";1325236,79;5,04960211309387;6691918,49513374
"601";601;"IKHDHHIA";"finance";1354128,75;1,41411622871249;1914895,44114116
"603";603;"MUOCALFU";"technologie";2740160,74;46,3197588966681;126923584,814916
"604";604;"NOYBAOCG";"santé";294121,7;32,5904339203479;9585553,82839038
"605";605;"DDOBQTJS";"finance";342438,39;8,33930797437325;2855699,19645854
"606";606;"BPGEHPKQ";"technologie";728643,3;433,305439013245;315725104,990559
"607";607;"YNGTNDGD";"santé";2445546,18;72,1377839817484;176416282,05023
"608";608;"CQTLDVZA";"finance";3982663,78;6,79454190825794;27060375,959711
"609";609;"NUNGMHZS";"finance";2453272,74;7,52265537764867;18455125,3703999
"610";610;"TAKLDGDK";"finance";809007,95;6,15951341329861;4983095,31949021
"611";611;"FNXNLHFB";"technologie";1981247,29;358,737685923905;710748068,057608
"612";612;"UYXHGIIP";"santé";2579082,11;53,701152564602;138499681,865746
"613";613;"QCMBRYYX";"finance";535016,6;10,3106309274195;5516358,70264282
"614";614;"MJKYRKMT";"santé";979160,25;24,8677492826615;24349511,6045482
"615";615;"TMKKRRBL";"santé";4397855,22;4,94959565940771;21767605,1076155
"616";616;"NEHFDWIB";"santé";1805907,44;101,683326182657;183630675,277207
"617";617;"QTNNTXVN";"santé";390175,83;7,26146631797808;2833248,64763414
"618";618;"UFJKCAKE";"finance";801770,2;7,78429437310072;6241215,25637984
"619";619;"WPLNBTRD";"finance";395617,34;3,5245167792701;1394359,9530002
"620";620;"PQIROHXB";"santé";2415543,08;57,0942718371547;137913673,243878
"621";621;"XVIKNOBI";"santé";1436335,17;39,8779772414541;57278141,2203601
"622";622;"GCZIYVKU";"santé";2723662,2;12,2973541834987;33493838,7496073
"623";623;"GUCFZBOR";"santé";4699760,94;12,287547674858;57748536,6106854
"625";625;"YRKDYGTA";"technologie";2735667,43;339,731177332056;929391516,78286
"626";626;"GZSQGCHO";"technologie";170262,8;248,24431509239;42266772,1717126
"627";627;"UHIYMZVZ";"énergie";3031884,96;506,540775335147;1535773358,36537
"628";628;"CIYQZZSK";"technologie";1703645,12;274,605884200982;467830974,542289
"630";630;"PFGWUATX";"énergie";146267,89;527,108742887092;77099083,6226475
"634";634;"HVAKPNRN";"technologie";3312542,48;410,945116664864;1361273155,90092
"635";635;"OVIAVUWB";"santé";3813794,71;114,395101777937;436279434,010609
"636";636;"APWLAKJM";"finance";1437928,69;10,6982176017492;15383274,0214181
"638";638;"RUAAPUTG";"finance";639087,02;10,2703993905453;6563678,94071341
"639";639;"ULEPVUCB";"énergie";1130426,39;674,892366857497;762916141,905275
"640";640;"YCFLUWQK";"énergie";3891446,61;699,34937972232;2721480772,92602
"642";642;"PVUHNHWS";"santé";411170,1;37,0359671461077;15228082,3150618
"643";643;"JZSGQIUI";"santé";3318950,3;68,219648313853;226417622,237157
"644";644;"GBOAHHVD";"énergie";835132,26;609,868437320554;509320806,362182
"646";646;"XJMLSBSR";"énergie";3187061,36;576,753734124367;1838149540,26348
"647";647;"RMHJCGBM";"santé";1879315,79;52,8038827134417;99235170,556679
"648";648;"IFTGKSCD";"santé";201764,54;24,6833511256273;4980224,98552067
"649";649;"ZZTAZTXF";"énergie";3724898,78;692,20626986142;2578398290,11515
"650";650;"HPITBXUW";"santé";3626278,53;79,8513512597131;289563240,664586
"651";651;"YIEDCMVW";"santé";1493868,24;97,4773653525587;145618340,219064
"653";653;"QUOWALMU";"énergie";1863543,67;576,495382528705;1074324320,8956
"655";655;"YEAJUOEC";"finance";4229113,43;9,96018258638839;42122741,9413473
"658";658;"WOIPIENA";"santé";528156,77;46,5071931286453;24563088,9045915
"659";659;"DEIJWJYM";"finance";2958949,81;8,21169177331348;24297983,8124245
"660";660;"WIIEQEOF";"technologie";2242181,64;154,804711196894;347100281,231179
"661";661;"CIPRFKDF";"technologie";4122669,02;579,451288105643;2388885874,07223
"662";662;"TMGULEEZ";"technologie";204054,49;235,797968698455;48115634,2457992
"663";663;"NNRUSWDG";"énergie";1857398,54;611,742351578721;1136249350,67848
"666";666;"TWJLWKMN";"santé";4687386,32;89,3222085976484;418687698,652804
"669";669;"EHDLFCWF";"santé";2861449,83;57,7948667741831;165377111,705859
"670";670;"FIITOEVX";"technologie";2469620,53;576,256415446023;1423134674,12971
"672";672;"VWAAHIBS";"santé";2183959,19;35,9192823107172;78446246,7006952
"673";673;"AVNTYOYI";"énergie";2468545,8;760,224251622013;1876648383,39966
"674";674;"HZGUHSTH";"santé";2015380,73;73,0102123483146;147143375,060001
"676";676;"ANKZBQMA";"finance";4212868,81;9,68921068647103;40819373,4945525
"677";677;"EQNXRNHK";"finance";2205335,94;4,71799646661249;10404767,1726135
"679";679;"FWLIKEQU";"énergie";1078788,37;589,013111417239;635420494,374431
"680";680;"XPQRYZGH";"santé";1021765,33;107,711212545515;110055582,631269
"681";681;"XJSVDVRA";"technologie";1829873,56;244,596323252305;447580344,792607
"682";682;"CLVIHXKO";"finance";3348117;6,03536535873268;20207109,358784
"684";684;"TGNBUXTC";"énergie";1018427,55;525,401511981093;535083374,6132
"685";685;"YEURKTKP";"énergie";1463202,75;603,694672639103;883327705,165885
"689";689;"VRZDLMOL";"santé";2728088,04;29,1253675201045;79456566,7922014
"692";692;"DWQNQZUY";"technologie";892785,23;490,634753779759;438031461,499255
"693";693;"RLYRJJAL";"énergie";3960028,1;461,073456522596;1825863843,99361
"694";694;"NBTDIJXQ";"santé";963467,66;11,6987525681938;11271369,7617966
"695";695;"WKSFNXHH";"santé";2441200,72;77,5155026724335;189230900,935107
"697";697;"GRZVSNEZ";"santé";2829668,65;25,9448386922779;73415296,6768458
"699";699;"MHNPRYHG";"énergie";973954,41;612,478554367565;596526189,056715
"700";700;"GLLKOJJH";"technologie";3648456,69;572,359967476713;2088230552,4286
"701";701;"QEDCBRZU";"santé";1788116,26;26,7560835178802;47842987,9922395
"703";703;"KQOXKKIC";"finance";1331131,95;12,2455599651804;16300456,1152926
"704";704;"SXODXKDX";"technologie";1043780,84;206,840936724639;215896606,680831
"706";706;"LGCTHNDM";"finance";491803,39;8,04858191642515;3958319,87119059
"710";710;"ZEPYZPUC";"finance";4869885,37;5,31087217478443;25863338,7059228
"711";711;"CDFIPFHC";"technologie";116186,62;-27,3938694104276;-3182801,09551897
"712";712;"QWTPRTLF";"énergie";1405075,09;724,358151728252;1017777595,23181
"713";713;"GLCAQNVR";"santé";1034615,92;114,712475325223;118683353,194083
"714";714;"MWUJZFZL";"finance";1411968,08;7,00232941839544;9887065,62441932
"715";715;"IWSOGNTM";"finance";916649,94;10,819095528304;9917323,26687416
"716";716;"MNPMFNXB";"énergie";4406885,61;592,659704792551;2611783524,67714
"717";717;"MWIPMTNZ";"finance";4411692,1;4,49517370092952;19831322,3045185
"718";718;"YODGZKFJ";"finance";4843523,56;7,85864135648825;38063514,5597412
"719";719;"OAAIGATU";"énergie";2806419,48;700,112215657679;1964808560,20767
"720";720;"SBRTIKAM";"technologie";112290,21;466,690998130823;52404830,1852197
"721";721;"DUKYTLUJ";"technologie";4708829,91;383,983863326845;1808114700,5908
"722";722;"JRLSLRNX";"énergie";2539751,49;617,136595108857;1567373586,96125
"723";723;"YYGLKENY";"technologie";3295985,5;394,619547983716;1300660308,17088
"724";724;"CREGPCRQ";"technologie";2603569,44;326,317705553275;849590805,909426
"725";725;"WFIKYBFS";"finance";351279,12;6,64859659384423;2335513,1607206
"726";726;"BZANWHQO";"finance";3672194,31;10,4203194594649;38265437,8274293
"727";727;"LYJIYCXH";"santé";3463858,53;62,539717841523;216628735,109153
"728";728;"ECCGWKSY";"énergie";3562164,97;812,140336197399;2892977856,3264
"729";729;"HTRHAJGN";"finance";1175007,03;8,73779429091319;10266969,7185169
"730";730;"RHMJCEVM";"énergie";1817765,55;617,877532088043;1123156491,94867
"731";731;"WVESLPTY";"finance";2526191,46;11,9804907726648;30265013,4765147
"733";733;"ABEZUNBH";"technologie";2324603,76;493,161269662892;1146404541,74473
"734";734;"CSKXJLBL";"énergie";398723,11;478,823181633134;190917868,120858
"735";735;"SVDOLSKL";"énergie";2241500,01;705,061692111555;1580395789,91867
"737";737;"QYTYRGSM";"énergie";1882405,21;650,010105819848;1223582409,74793
"739";739;"HVXPHLYN";"énergie";4864603,96;484,462319421444;2356717317,52834
"740";740;"GKFNWAVG";"énergie";142356,51;797,045119644202;113464561,545081
"741";741;"SRPQPRZV";"santé";4675575,84;49,6546068338366;232163880,056985
"742";742;"BNELCCVY";"finance";4999030,01;3,00642435989493;15029205,5979098
"743";743;"KJLLZTHM";"énergie";975279,38;579,654616858411;565325195,343809
"746";746;"BHZLZSHX";"finance";4253442,63;8,07492592212952;34346234,1512777
"747";747;"MVGYMDUD";"technologie";4382283,94;680,342891042776;2981455725,10993
"748";748;"ORONYFAH";"finance";2663951,42;9,03038460105093;24056505,8811158
"750";750;"INIWWXUX";"santé";3560644,98;58,5726812763768;208556523,551871
"751";751;"LKJNBSGV";"énergie";967191,37;556,217193685556;537968469,578289
"753";753;"SIMZXFHJ";"finance";4607468,79;8,61492099703528;39692979,6221557
"754";754;"BZVRKGYJ";"technologie";533955,22;237,665471729657;126902719,243813
"755";755;"ONYNQGJX";"technologie";1240627,98;676,3341950371;839079126,193804
"756";756;"TUICYLOE";"énergie";4540743,91;483,833571766083;2196964344,45039
"757";757;"AFIPBGAF";"technologie";2774422,25;50,1564536419677;139155180,965369
"758";758;"NITYFZCT";"technologie";3793739,31;151,311699251019;574037141,511487
"759";759;"HHBFTISF";"finance";2856677,91;7,04224747595789;20117432,8013222
"760";760;"BSGIWALD";"santé";2802421,05;14,9634227956957;41933811,0227075
"761";761;"NZRWTNXM";"finance";185776,09;10,2385561964021;1902078,93741284
"763";763;"LCACFDVK";"technologie";2262526,91;255,983641318949;579169877,003911
"764";764;"OPBUPULQ";"technologie";1962070,23;140,536851215212;275743171,987307
"765";765;"TSZHBLHL";"santé";138344,75;69,5875430368163;9627071,24454259
"766";766;"LQAGMXHH";"technologie";3907540,4;501,27799903332;1958764032,85386
"767";767;"ZMABYMVV";"santé";171917,3;54,4867139832242;9367208,75386815
"769";769;"EJTCRSWF";"santé";3147270,37;33,0922142668122;104150145,439629
"770";770;"HVHWQGQB";"santé";2012951,7;39,162606047451;78832434,4196467
"771";771;"XXRYOUUG";"santé";3186022,15;62,7034876734962;199774700,610011
"773";773;"BHPYBLKN";"santé";4183521,3;4,17856821976238;17481129,150879
"774";774;"BWGLFYSK";"énergie";1680478,37;714,795013647877;1201197559,41911
"775";775;"HSFHXMYU";"technologie";3256901,28;176,493836892288;574823003,286602
"776";776;"WOBNXACQ";"technologie";2978552,26;252,900738887982;753278067,370469
"777";777;"MZTUKZLZ";"finance";1288633,55;7,93078706278512;10219878,2870109
"779";779;"LQPYSFJR";"technologie";1097641,93;447,692051850868;491405567,839247
"781";781;"GFSKQQBM";"énergie";3957834,94;606,834193895076;2401749575,38467
"782";782;"QISXKKMB";"énergie";341193,67;557,870639045986;190341930,721345
"784";784;"CMHCENEN";"santé";2385564,81;61,8971334625163;147659623,428052
"785";785;"JVINGIKQ";"finance";3949585,15;11,0586391757528;43677037,0677614
"786";786;"BSOITGCJ";"santé";2493832,14;30,2519921807214;75443390,3993116
"787";787;"CFZDPRNK";"santé";2950039,28;88,957860666417;262429183,230697
"788";788;"KNRZNMHE";"énergie";1691142,86;603,970321151888;1021400096,26792
"789";789;"IHJMJLFB";"santé";2388854,83;4,72079703614806;11277298,801252
"790";790;"WONQFNSA";"santé";3143633,26;28,9783339150016;91097254,314585
"793";793;"OYEKLWAA";"technologie";81466,65;-73,6376691643592;-5999014,22062865
"794";794;"IIWODBDV";"santé";4320170,66;42,0907288689601;181839131,917696
"795";795;"KZSGXQZC";"énergie";4206133,21;650,801993153031;2737359876,53516
"796";796;"UZTUZIJE";"technologie";1916344,16;492,407997862468;943623191,041032
"797";797;"KKPKCRAE";"énergie";2195386,94;447,195140818654;981766371,784734
"798";798;"ZNHAIWEJ";"technologie";1839902,56;431,008159979379;793013016,92695
"799";799;"OMSVKFNH";"technologie";692756,78;191,924657730506;132957107,891987
"800";800;"VGMCHVML";"finance";847385,6;5,26713569872966;4463294,94434945
"801";801;"FGOSEEXD";"énergie";4003113,16;547,247527673835;2190693779,80859
"803";803;"KCRPQTPC";"énergie";859197,77;601,303174135183;516638346,310871
"804";804;"SAZYVGPI";"technologie";3078269,54;268,632412837132;826922973,893248
"805";805;"ZWSUTIXB";"énergie";3191166,6;516,237214394688;1647398956,25337
"806";806;"OITQKWOW";"énergie";1043292,8;625,736615354568;652826505,49579
"807";807;"NQGHZZHP";"finance";2889295,78;8,79834645368274;25421025,2796035
"810";810;"JSGKUUKT";"finance";1153663,4;8,4674026350048;9768532,5130686
"811";811;"MFFBPZBS";"technologie";208429,29;4,97325852393107;1036572,7431294
"812";812;"AZZSULTR";"finance";3470073,03;5,913051360807;20518720,0521412
"813";813;"ANTASWMG";"technologie";2844336,58;-11,885207627511;-33805530,8158246
"814";814;"ULWQLNZR";"technologie";4661910,15;116,830208275026;544651933,783957
"816";816;"ERRKPKNW";"technologie";2320806,01;697,274620185718;1618239129,14748
"817";817;"GRKOZPEW";"finance";1241877,41;8,04618029667276;9992369,547225
"818";818;"IWCBCWKW";"technologie";4081939,62;257,721242271488;1052002549,74361
"819";819;"JJGMFVKT";"énergie";635494,02;538,273725993233;342069733,991818
"820";820;"WWJOCDDE";"technologie";1541555,51;138,365891168474;213298701,926821
"821";821;"AGBBFEEP";"santé";680701,9;36,5632442293753;24888669,8170998
"822";822;"DSZSYXZG";"technologie";4088465,17;533,914931475667;2182892601,0812
"823";823;"USLRDADR";"énergie";1034490,64;713,737393723201;738354653,224646
"825";825;"LMBPQEKH";"finance";4474307,5;8,26995998098907;37002343,9676393
"826";826;"JUZNVZKX";"technologie";1011276,55;346,521820844593;350429391,483438
"828";828;"PXWZLWJB";"finance";2129791,81;7,57480633198006;16132760,4881873
"829";829;"KMTGKKUN";"santé";3060973,74;50,590065232042;154854861,180167
"830";830;"CMCXOYUQ";"finance";4371222,05;11,3083967667604;49431513,2970119
"831";831;"IUHGAKQV";"technologie";4786968,68;322,948524840533;1545944473,66383
"832";832;"EZRVYPIU";"santé";1139834,41;74,190494867803;84564878,9452503
"833";833;"TWLVQJDO";"santé";4735312,93;101,280113553352;479593031,261056
"834";834;"RBXEZCDL";"finance";2088781,59;6,43786772061724;13447299,5736805
"835";835;"SJHSSTLF";"énergie";4092796,89;672,719197634802;2753303039,92301
"837";837;"RDQGPSNT";"énergie";635669,22;408,641016829626;259760516,428095
"838";838;"VLTYUYWG";"santé";3248533,79;8,34717774336195;27116088,9504473
"839";839;"SULVDNIO";"technologie";4624208,45;299,956720971725;1387062403,75174
"840";840;"EZJVHNKS";"finance";3433890,14;10,5239282606602;36138013,4883484
"841";841;"DJGVQTPZ";"santé";2128548,89;54,2301308944708;115431484,91998
"842";842;"IJVJBARW";"finance";2647700,2;9,68466759040869;25642096,3160586
"844";844;"MIUGECHF";"santé";1826487;1,92649836570912;3518724,22048896
"845";845;"SNREUFXC";"santé";2989711,47;100,755796028146;301230759,054327
"846";846;"UCDFORIN";"santé";193226,66;73,965177217774;14292044,1500986
"847";847;"MIVXPHOR";"énergie";2649205,16;652,237152166968;1727910029,06444
"849";849;"YFTOEHCB";"énergie";1587942,44;645,819434410077;1025524088,47656
"850";850;"EQSQRCHY";"santé";4381394,33;95,8187977889511;419819937,339927
"851";851;"JEVVJRMD";"technologie";3778769,95;350,029383465141;1322680515,8551
"853";853;"DORIXGPR";"finance";1608694,99;9,3869493233293;15100738,3478237
"854";854;"ULGOLOLY";"santé";4871013,09;44,35940493363;216075242,096322
"855";855;"BINRRATG";"finance";1466227,4;7,970142845655;11686041,8222133
"856";856;"XMBJTMTH";"technologie";3692262,13;514,300511861746;1898932303,38674
"857";857;"KTSFCNPC";"santé";2028190,5;11,2707002799684;22859127,2361792
"858";858;"AEQSYMYK";"énergie";2059775,03;619,383032000294;1275789703,3199
"859";859;"AASYJJMY";"technologie";1157424,29;377,296032311804;436691592,318307
"860";860;"ACQFHWQJ";"technologie";4689446,37;485,685870498594;2277597842,36992
"861";861;"LMDOQKSY";"énergie";2827295,3;455,233739866886;1287080213,12707
"862";862;"NLSGIDXZ";"énergie";4515210,46;563,06362400901;2542350764,77099
"863";863;"JNHEWKWQ";"technologie";2333249,58;426,683595354592;995559319,653991
"864";864;"TAPBYLEO";"technologie";1946065,77;23,267890060183;45280844,3862454
"865";865;"WBYWNVSZ";"santé";1949082,38;95,4220495921299;185985435,523507
"866";866;"SNWEFBVS";"énergie";3668510,44;505,585950143245;1854747336,41781
"868";868;"PICAKINJ";"finance";4373296,7;11,5691540747807;50595343,3370302
"870";870;"WBFBLDZD";"technologie";1006381,54;-28,4688824300687;-28650557,7420515
"871";871;"AMFLCHTH";"technologie";3018268,72;514,223890379187;1552065883,40821
"872";872;"FCRGGDLR";"finance";3137107,41;5,43915556039649;17063215,2126625
"873";873;"UYORAXHI";"énergie";4090545,55;537,839612750565;2200057434,55055
"874";874;"TCZVDDKC";"finance";2407510,87;9,17270110343004;22083377,6137688
"875";875;"MUGKCEZR";"finance";4062913,96;4,9392350479594;20067687,0280755
"876";876;"YPCVAVKD";"finance";948669,51;5,0755893809019;4815056,89094141
"877";877;"RQLUWZKJ";"santé";4936565,34;19,0862701884266;94220619,8820619
"878";878;"DZYYKUKA";"finance";4881080,06;12,3383426654835;60224438,3579386
"880";880;"TOTSISOW";"énergie";2737760,16;469,317662357266;1284879198,38605
"881";881;"BJQAFQXM";"finance";859411,52;2,2046094210907;1894666,73358588
"882";882;"ETAQODBB";"énergie";1768570,45;521,273488968387;921908888,957891
"885";885;"FTRNFTNE";"énergie";277546,43;750,776772839613;208375413,028555
"886";886;"OJWWHHJM";"technologie";4471377,58;653,84991758077;2923609862,1555
"887";887;"OMVEZQYN";"santé";4440616,26;72,3063860034031;321084913,388548
"888";888;"VZAEVQUT";"technologie";3982035,81;487,561034719088;1941485499,81206
"891";891;"DHJFVIIR";"technologie";3364049,85;449,405362499302;1511822042,30497
"892";892;"ODTKDVXY";"finance";57510,99;12,6218066070185;725892,593558175
"893";893;"VLXIISBN";"technologie";1870387,25;288,66650445974;539918149,443567
"895";895;"ICEDTHZJ";"énergie";92909,69;576,495243889093;53561994,39621
"897";897;"PDBLHKWS";"technologie";3031461,36;177,195855753648;537162389,869317
"899";899;"OEEESYXL";"énergie";718312,17;557,191269318186;400237269,769001
"903";903;"YNFWJMYO";"santé";85210,76;38,0273243415595;3240337,20791078
"904";904;"AXDHFECO";"finance";1149082,02;5,24855097469091;6031015,5560708
"906";906;"IOHLHLRA";"énergie";2651606,45;613,459828663354;1626654038,49964
"907";907;"VCIRQVAX";"technologie";773093,71;217,863872418214;168429189,402764
"908";908;"NIEQWRWC";"santé";2776961,2;32,7297784995777;90889324,9779214
"910";910;"VOTUFHQF";"santé";4759696,99;68,4599482770334;325848609,749752
"911";911;"IEXUBQUM";"finance";1205119,18;13,1073199881743;15795882,7161462
"912";912;"XLAUTLJH";"technologie";1088735,81;198,013580513034;215584475,970858
"913";913;"OHKITBVX";"finance";4134708,29;6,16922712118055;25507954,5208381
"914";914;"SDLHIELT";"santé";4483068,48;24,6787887728422;110636700,072107
"915";915;"KQPRFVSF";"finance";1632949,89;10,1476706978339;16570637,7497841
"916";916;"EOBJPERM";"santé";3183529,3;63,1967747549285;201188784,097815
"917";917;"WHTYPZTZ";"finance";2780647,72;8,29908247451061;23076824,7608399
"918";918;"EUDGCTNU";"énergie";1118363,87;807,727596467123;903333360,690771
"919";919;"TWVUYNQE";"santé";4644479,76;40,5913990243109;188525931,198496
"920";920;"LWGVPEMU";"santé";3732682,4;26,8227678306774;100120873,400856
"921";921;"JGGIEJEY";"technologie";1275451,35;136,817769840016;174504409,246437
"922";922;"YLPLIRBC";"énergie";2216172,26;555,609372521839;1231326078,77891
"923";923;"OCIBMPKS";"technologie";4829300,04;207,2666816437;1000952993,95259
"924";924;"UNMTLSZP";"santé";3760134,76;14,7657887807571;55521355,6533428
"925";925;"WXOPGOWL";"technologie";4197962,85;317,305908748976;1332038417,01369
"926";926;"EFMIUBIK";"finance";4471055,36;6,19356478991007;27691771,0514347
"927";927;"JRREOKKP";"technologie";4507644,2;342,424034179922;1543525711,61173
"928";928;"KBPHRJXW";"technologie";4289623,05;258,394739258615;1108416029,5225
"929";929;"IYXABSGE";"finance";111078,93;7,3608463914888;817634,941060937
"932";932;"UZMYDYME";"santé";750876,75;35,1440439141056;26388845,4760809
"933";933;"KVJZBRHH";"santé";402638,95;86,6169207569765;34875346,0258222
"935";935;"UGFXGRIR";"santé";3891972,07;54,7430412307938;213058387,497108
"936";936;"SPMBEVBZ";"santé";3472646,58;-3,51722843435721;-12214091,2936493
"937";937;"SKDNRMNK";"énergie";4452000,56;723,32250473579;3220232196,14434
"938";938;"TGWXCSWR";"énergie";554769,02;685,18006020774;380116670,524989
"940";940;"TEBNYXCK";"santé";1986572,47;60,6147145955459;120415523,292419
"941";941;"AZVABMKV";"énergie";1556802,83;535,907743802944;834302692,171339
"942";942;"CSAOIVTR";"technologie";3884531,15;470,213646927572;1826559558,64525
"944";944;"MLIAQPDJ";"énergie";4782705,82;686,95479596671;3285502700,7469
"945";945;"QQJJJXTD";"finance";3938273,54;10,376854060802;40866889,776098
"946";946;"IGEZCBTD";"énergie";3423794,45;547,419377776389;1874251427,45325
"947";947;"AWIMOCCW";"santé";4643916,17;23,5370437915399;109304058,25753
"949";949;"YEGPEQFN";"finance";270630,6;2,87996401018269;779406,388054147
"950";950;"IOOHGXPM";"énergie";4270844,08;743,802402929566;3176664089,24151
"951";951;"TBQQUKFQ";"santé";223019,11;12,605622965769;2811294,81482136
"954";954;"OQIVYXHO";"technologie";1492839,47;-17,1071912221323;-25538290,2772366
"955";955;"OVAOGRFE";"finance";4560726,69;5,91209583761281;26963453,2804387
"956";956;"XMLPOQQD";"énergie";933560,19;804,711786713686;751246888,499668
"957";957;"HTQQYPTE";"finance";3242197,77;7,06607074524007;22909598,8128796
"958";958;"TUFKOMPH";"finance";2754058,05;3,73584463515404;10288732,9909953
"959";959;"GUOEZMEF";"santé";2998746,66;61,1140727062545;183265621,406878
"960";960;"SCDKQADG";"santé";1521136,55;77,3732693183542;117695307,953142
"961";961;"SLCJNNXE";"santé";1372713,08;71,9093172148795;98710860,3147342
"963";963;"ZJJUDNTF";"santé";3181911,9;67,9067445209912;216073278,481602
"964";964;"RLXHOAOO";"technologie";913811,46;565,69207615867;516935902,024986
"965";965;"YROETHRD";"santé";1661640,89;12,4368220868159;20665532,1211084
"966";966;"MCHDJMAL";"technologie";1653660,6;313,38244545225;518228202,776035
"967";967;"XFBIHMJR";"finance";4898452,36;6,92402355946349;33916999,5455495
"968";968;"XKNIVEJR";"santé";2187883,14;17,9172280572379;39200801,1819658
"969";969;"YFRCSYVE";"santé";1666640,49;5,10989974607262;8516365,81664535
"970";970;"BOMVPRFI";"finance";3968622,85;4,51097943882204;17902376,0767893
"971";971;"NYGHPBAT";"énergie";54218,96;571,628960181029;30993127,7268968
"973";973;"NZKKVVBL";"énergie";3472673,33;449,69114730698;1561630453,99005
"974";974;"HITASDQB";"santé";3924160,12;64,3807898370901;252640527,97281
"975";975;"PDBSUTPM";"finance";566538,35;7,0042318222088;3968165,93957167
"977";977;"GKVYIVQF";"technologie";3983656,91;471,81089859554;1879532746,40343
"978";978;"VTQFGKUS";"technologie";2245758,49;136,877336756505;307393441,10951
"979";979;"YAEQLHVG";"technologie";352151,38;402,23471193271;141647508,891006
"980";980;"FABOIEWY";"énergie";3634866,51;498,948732780281;1813612038,98998
"981";981;"CPKEVRNN";"énergie";2019615,88;533,0736605361;1076604030,02844
"982";982;"SWYXVDSQ";"technologie";2753227,33;-4,95740233782203;-13648855,6022975
"984";984;"RDNHCAOT";"technologie";3421799,31;-9,09103964594061;-31107713,1876622
"985";985;"XTHTAPZQ";"énergie";2137949,83;507,951778536545;1085975418,57041
"986";986;"HIWFTJYZ";"finance";4165148,76;6,59654199221497;27475578,6991621
"988";988;"QXOUUAGH";"énergie";4931544,58;562,079193917869;2771918602,29644
"989";989;"RBENJMUU";"santé";429655,18;34,468248944208;14809461,7044085
"990";990;"FDUCRKYB";"énergie";1668375,85;739,207580474252;1233276075,40017
"991";991;"ZUHIQCYJ";"finance";1027854,44;4,89216088328781;5028429,2850817
"992";992;"PTGXEXXQ";"technologie";4278908,14;343,450791740236;1469594388,46674
"995";995;"CARBZHHM";"technologie";2275586,31;348,053260980142;792025235,837269
"996";996;"FFNJXGJZ";"santé";NA;111,428631759852;NA
"997";997;"DFNKALBX";"énergie";NA;570,879571530368;NA
"998";998;"WHRCAWTX";"finance";NA;4,60519169343134;NA
"999";999;"ABIKQLBM";"énergie";NA;526,816171417739;NA
